insert into genre (id, name) values (1, 'Комедия');
insert into genre (id, name) values (2, 'Криминал');
insert into genre (id, name) values (3, 'Триллер');
insert into genre (id, name) values (4, 'Приключение');
insert into genre (id, name) values (5, 'Спорт');
insert into genre (id, name) values (6, 'Семейный');
insert into genre (id, name) values (7, 'Фэнтази');
insert into genre (id, name) values (8, 'Экшн');
insert into genre (id, name) values (9, 'Детективный');
insert into genre (id, name) values (10, 'Хоррор');
insert into genre (id, name) values (11, 'Романтический');
insert into genre (id, name) values (12, 'Биография');
insert into genre (id, name) values (13, 'Исторический');
insert into genre (id, name) values (14, 'Мистический');
insert into genre (id, name) values (15, 'Музыкальный');
insert into genre (id, name) values (16, 'Драматический');
insert into genre (id, name) values (17, 'Научная фантастика');
insert into genre (id, name) values (18, 'Военный');
insert into genre (id, name) values (19, 'Анимация');
insert into genre (id, name) values (20, 'Вестерн');

insert into country (id, name) values (1, 'СССР');
insert into country (id, name) values (2, 'Россия');
insert into country (id, name) values (3, 'США');
insert into country (id, name) values (4, 'Германия');
insert into country (id, name) values (5, 'Япония');
insert into country (id, name) values (6, 'Южная Корея');
insert into country (id, name) values (7, 'Испания');
insert into country (id, name) values (8, 'Великобритания');
insert into country (id, name) values (9, 'Австралия');
insert into country (id, name) values (10, 'Канада');

insert into movie (id, name, country_id, release_date, genre_id) values (1, 'Сталкер', 1, '1979-05-19', 17);
insert into movie (id, name, country_id, release_date, genre_id) values (2, 'Анна Каренина', 2, '2009-03-01', 3);
insert into movie (id, name, country_id, release_date, genre_id) values (3, 'Царь', 2, '2009-11-04', 16);
insert into movie (id, name, country_id, release_date, genre_id) values (4, 'Стиляги', 2, '2008-12-20', 11);
insert into movie (id, name, country_id, release_date, genre_id) values (5, 'Пролетая над гнездом кукушки', 3, '1975-11-19', 16);
insert into movie (id, name, country_id, release_date, genre_id) values (6, 'Человек-паук: Нет пути домой', 3, '2021-12-15', 4);
insert into movie (id, name, country_id, release_date, genre_id) values (7, 'Паразиты', 6, '2019-07-04', 3);
insert into movie (id, name, country_id, release_date, genre_id) values (8, 'Кот в сапогах', 3, '2011-10-27', 19);
insert into movie (id, name, country_id, release_date, genre_id) values (9, 'Кто я', 4, '2014-09-06', 16);
insert into movie (id, name, country_id, release_date, genre_id) values (10, 'Рыбка Поньо на утесе', 5, '2009-09-03', 7);
insert into movie (id, name, country_id, release_date, genre_id) values (11, 'На Западном фронте без перемен', 4, '2022-09-29', 18);
insert into movie (id, name, country_id, release_date, genre_id) values (12, 'Облачный атлас', 3, '2012-11-08', 13);
insert into movie (id, name, country_id, release_date, genre_id) values (13, 'Аватар 2', 3, '2022-12-16', 17);
insert into movie (id, name, country_id, release_date, genre_id) values (14, 'Сердце Пармы', 2, '2022-10-02', 13);

insert into person (id, first_name, last_name, country_id, date_of_birth) values (1, 'Олег','Янковский', 2, '1944-04-23');
insert into person (id, first_name, last_name, country_id, date_of_birth) values (2, 'Антонио','Бандерас', 7, '1960-08-10');
insert into person (id, first_name, last_name, country_id, date_of_birth) values (3, 'Том','Холланд', 8, '1996-06-01');
insert into person (id, first_name, last_name, country_id, date_of_birth) values (4, 'Константин','Меладзе', 2, '1963-05-11');
insert into person (id, first_name, last_name, country_id, date_of_birth) values (5, 'Джек','Никольсон', 3, '1937-04-22');
insert into person (id, first_name, last_name, country_id, date_of_birth) values (6, 'Хаяо','Миядзаки', 5, '1941-01-05');
insert into person (id, first_name, last_name, country_id, date_of_birth) values (7, 'Михаель','Камм', 4, '1978-09-10');
insert into person (id, first_name, last_name, country_id, date_of_birth) values (8, 'Павел','Лунгин', 2, '1949-07-12');
insert into person (id, first_name, last_name, country_id, date_of_birth) values (9, 'Со-Джун','Пак', 6, '1988-12-16');
insert into person (id, first_name, last_name, country_id, date_of_birth, date_of_death) values (10, 'Лев','Толстой', 2, '1828-10-09', '1910-11-20');
insert into person (id, first_name, last_name, country_id, date_of_birth, date_of_death) values (11, 'Андрей','Тарковский', 2, '1932-04-04', '1986-12-29');
insert into person (id, first_name, last_name, country_id, date_of_birth) values (12, 'Эдвард','Бергер', 4, '1970-01-01');
insert into person (id, first_name, last_name, country_id, date_of_birth) values (13, 'Хэлли','Берри', 3, '1966-08-14');
insert into person (id, first_name, last_name, country_id, date_of_birth) values (14, 'Алиса','Фрейндлих', 2, '1934-12-08');
insert into person (id, first_name, last_name, country_id, date_of_birth) values (15, 'Зои','Салдана', 3, '1978-06-19');

insert into crew_position (id, name) values (1, 'Актер');
insert into crew_position (id, name) values (2, 'Режиссер');
insert into crew_position (id, name) values (3, 'Звуковой режиссер');
insert into crew_position (id, name) values (4, 'Продюссер');
insert into crew_position (id, name) values (5, 'Сценарист');
insert into crew_position (id, name) values (6, 'Оператор');
insert into crew_position (id, name) values (7, 'Композитор');
insert into crew_position (id, name) values (8, 'Художник по костюмам');
insert into crew_position (id, name) values (9, 'Актер озвучки');
insert into crew_position (id, name) values (10, 'Режиссер спецэффектов');

insert into crew (id, person_id, crew_position_id, movie_id, role) values (1, 1, 1, 2, 'Алексей Каренин');
insert into crew (id, person_id, crew_position_id, movie_id) values (2, 6, 2, 10);
insert into crew (id, person_id, crew_position_id, movie_id) values (3, 4, 7, 4);
insert into crew (id, person_id, crew_position_id, movie_id) values (4, 8, 2, 2);
insert into crew (id, person_id, crew_position_id, movie_id) values (5, 10, 5, 2);
insert into crew (id, person_id, crew_position_id, movie_id, role) values (6, 3, 1, 6, 'Питер Паркер');
insert into crew (id, person_id, crew_position_id, movie_id) values (7, 7, 7, 9);
insert into crew (id, person_id, crew_position_id, movie_id, role) values (8, 5, 1, 5, 'Рэндл Патрик');
insert into crew (id, person_id, crew_position_id, movie_id) values (9, 2, 9, 8);
insert into crew (id, person_id, crew_position_id, movie_id, role) values (10, 9, 1, 7, 'Мин');
insert into crew (id, person_id, crew_position_id, movie_id, role) values (11, 1, 1, 3, 'митрополит Московский Филипп');
insert into crew (id, person_id, crew_position_id, movie_id, role) values (12, 1, 1, 4, 'Отец Фреда');
insert into crew (id, person_id, crew_position_id, movie_id) values (13, 11, 2, 1);
insert into crew (id, person_id, crew_position_id, movie_id) values (14, 12, 2, 11);
insert into crew (id, person_id, crew_position_id, movie_id, role) values (15, 13, 1, 12, 'Жительница племени аборигенов');
insert into crew (id, person_id, crew_position_id, movie_id, role) values (16, 13, 1, 12, 'Луиза Рей');
insert into crew (id, person_id, crew_position_id, movie_id, role) values (17, 14, 1, 1, 'Жена Сталкера');
insert into crew (id, person_id, crew_position_id, movie_id, role) values (18, 15, 1, 13, 'Нейтири');
